{
  "5": {
    "High Card": 0.5011773940345369,
    "Pair": 0.4225690276110444,
    "Two Pair": 0.0475390156062425,
    "Three of a Kind": 0.02112845138055222,
    "Straight": 0.003924646781789639,
    "Flush": 0.001965401545233478,
    "Full House": 0.0014405762304921968,
    "Four of a Kind": 0.00024009603841536616,
    "Straight Flush": 1.3851694523963431e-05,
    "Royal Flush": 1.5390771693292702e-06
  },
  "6": {
    "High Card": 0.3101327601416999,
    "Pair": 0.46478506296135474,
    "Two Pair": 0.14750581083497227,
    "Three of a Kind": 0.0407416649147384,
    "Straight": 0.017762587850197364,
    "Flush": 0.010108396877572633,
    "Full House": 0.008153048453423923,
    "Four of a Kind": 0.0007202881152460984,
    "Straight Flush": 8.134186571518951e-05,
    "Royal Flush": 9.037985079465502e-06
  },
  "7": {
    "High Card": 0.17411919581751437,
    "Pair": 0.4382254574070431,
    "Two Pair": 0.23495536405695844,
    "Three of a Kind": 0.048298697547758875,
    "Straight": 0.046193820871406985,
    "Flush": 0.030254941227896553,
    "Full House": 0.025961022706955123,
    "Four of a Kind": 0.0016806722689075631,
    "Straight Flush": 0.0002785074750030945,
    "Royal Flush": 3.2320620555914674e-05
  },
  "8": {
    "High Card": 0.07106666666666667,
    "Pair": 0.313825,
    "Two Pair": 0.342369,
    "Three of a Kind": 0.051068,
    "Straight": 0.089369,
    "Flush": 0.06735866666666666,
    "Full House": 0.06072,
    "Four of a Kind": 0.00339,
    "Straight Flush": 0.0007393333333333334,
    "Royal Flush": 9.433333333333333e-05
  },
  "9": {
    "High Card": 0.019037666666666668,
    "Pair": 0.163175,
    "Two Pair": 0.39196033333333336,
    "Three of a Kind": 0.04113666666666667,
    "Straight": 0.13907233333333333,
    "Flush": 0.12268366666666666,
    "Full House": 0.115014,
    "Four of a Kind": 0.006114,
    "Straight Flush": 0.001609,
    "Royal Flush": 0.00019733333333333332
  },
  "10": {
    "High Card": 0.0023833333333333332,
    "Pair": 0.05328666666666667,
    "Two Pair": 0.351372,
    "Three of a Kind": 0.023625666666666666,
    "Straight": 0.17713433333333334,
    "Flush": 0.191002,
    "Full House": 0.18760666666666667,
    "Four of a Kind": 0.010118,
    "Straight Flush": 0.0030943333333333335,
    "Royal Flush": 0.000377
  },
  "11": {
    "High Card": 4.0333333333333336e-05,
    "Pair": 0.007862666666666667,
    "Two Pair": 0.244714,
    "Three of a Kind": 0.008141666666666667,
    "Straight": 0.18593533333333334,
    "Flush": 0.259135,
    "Full House": 0.27221066666666666,
    "Four of a Kind": 0.015729,
    "Straight Flush": 0.0055193333333333336,
    "Royal Flush": 0.000712
  },
  "12": {
    "High Card": 0.0,
    "Pair": 0.00013633333333333333,
    "Two Pair": 0.13219833333333333,
    "Three of a Kind": 0.0012406666666666666,
    "Straight": 0.15990333333333334,
    "Flush": 0.31271166666666667,
    "Full House": 0.359938,
    "Four of a Kind": 0.023470666666666667,
    "Straight Flush": 0.009232666666666667,
    "Royal Flush": 0.0011683333333333333
  },
  "13": {
    "High Card": 0.0,
    "Pair": 0.0,
    "Two Pair": 0.055959,
    "Three of a Kind": 2.2333333333333332e-05,
    "Straight": 0.11065733333333333,
    "Flush": 0.33950033333333335,
    "Full House": 0.44386033333333336,
    "Four of a Kind": 0.033911333333333335,
    "Straight Flush": 0.014218666666666666,
    "Royal Flush": 0.0018706666666666667
  },
  "14": {
    "High Card": 0.0,
    "Pair": 0.0,
    "Two Pair": 0.017887,
    "Three of a Kind": 0.0,
    "Straight": 0.059736333333333336,
    "Flush": 0.33181733333333335,
    "Full House": 0.5204856666666666,
    "Four of a Kind": 0.046854,
    "Straight Flush": 0.020393,
    "Royal Flush": 0.0028266666666666666
  },
  "15": {
    "High Card": 0.0,
    "Pair": 0.0,
    "Two Pair": 0.003927333333333333,
    "Three of a Kind": 0.0,
    "Straight": 0.022771,
    "Flush": 0.29310733333333333,
    "Full House": 0.584747,
    "Four of a Kind": 0.06343133333333334,
    "Straight Flush": 0.028053,
    "Royal Flush": 0.003963
  },
  "16": {
    "High Card": 0.0,
    "Pair": 0.0,
    "Two Pair": 0.00044466666666666667,
    "Three of a Kind": 0.0,
    "Straight": 0.004922666666666666,
    "Flush": 0.23306733333333332,
    "Full House": 0.636138,
    "Four of a Kind": 0.083279,
    "Straight Flush": 0.036721,
    "Royal Flush": 0.0054273333333333335
  },
  "17": {
    "High Card": 0.0,
    "Pair": 0.0,
    "Two Pair": 0.0,
    "Three of a Kind": 0.0,
    "Straight": 0.0,
    "Flush": 0.16850866666666667,
    "Full House": 0.6725403333333333,
    "Four of a Kind": 0.106898,
    "Straight Flush": 0.04505733333333333,
    "Royal Flush": 0.0069956666666666665
  },
  "18": {
    "High Card": 0.0,
    "Pair": 0.0,
    "Two Pair": 0.0,
    "Three of a Kind": 0.0,
    "Straight": 0.0,
    "Flush": 0.11203866666666666,
    "Full House": 0.6906926666666666,
    "Four of a Kind": 0.13510966666666666,
    "Straight Flush": 0.05350566666666667,
    "Royal Flush": 0.008653333333333334
  },
  "19": {
    "High Card": 0.0,
    "Pair": 0.0,
    "Two Pair": 0.0,
    "Three of a Kind": 0.0,
    "Straight": 0.0,
    "Flush": 0.06914133333333333,
    "Full House": 0.6917043333333334,
    "Four of a Kind": 0.16736833333333334,
    "Straight Flush": 0.061532666666666666,
    "Royal Flush": 0.010253333333333333
  },
  "20": {
    "High Card": 0.0,
    "Pair": 0.0,
    "Two Pair": 0.0,
    "Three of a Kind": 0.0,
    "Straight": 0.0,
    "Flush": 0.039094666666666666,
    "Full House": 0.675505,
    "Four of a Kind": 0.20393533333333333,
    "Straight Flush": 0.06963866666666667,
    "Royal Flush": 0.011826333333333333
  },
  "21": {
    "High Card": 0.0,
    "Pair": 0.0,
    "Two Pair": 0.0,
    "Three of a Kind": 0.0,
    "Straight": 0.0,
    "Flush": 0.019795,
    "Full House": 0.6428013333333333,
    "Four of a Kind": 0.24439166666666667,
    "Straight Flush": 0.07904733333333333,
    "Royal Flush": 0.013964666666666667
  },
  "22": {
    "High Card": 0.0,
    "Pair": 0.0,
    "Two Pair": 0.0,
    "Three of a Kind": 0.0,
    "Straight": 0.0,
    "Flush": 0.008641333333333334,
    "Full House": 0.5979186666666667,
    "Four of a Kind": 0.28801566666666667,
    "Straight Flush": 0.089223,
    "Royal Flush": 0.016201333333333335
  },
  "23": {
    "High Card": 0.0,
    "Pair": 0.0,
    "Two Pair": 0.0,
    "Three of a Kind": 0.0,
    "Straight": 0.0,
    "Flush": 0.003236,
    "Full House": 0.5425993333333333,
    "Four of a Kind": 0.3341903333333333,
    "Straight Flush": 0.101037,
    "Royal Flush": 0.018937333333333334
  },
  "24": {
    "High Card": 0.0,
    "Pair": 0.0,
    "Two Pair": 0.0,
    "Three of a Kind": 0.0,
    "Straight": 0.0,
    "Flush": 0.000935,
    "Full House": 0.4810623333333333,
    "Four of a Kind": 0.381183,
    "Straight Flush": 0.11447666666666667,
    "Royal Flush": 0.022343
  },
  "25": {
    "High Card": 0.0,
    "Pair": 0.0,
    "Two Pair": 0.0,
    "Three of a Kind": 0.0,
    "Straight": 0.0,
    "Flush": 0.000195,
    "Full House": 0.41645733333333335,
    "Four of a Kind": 0.42725633333333335,
    "Straight Flush": 0.12992166666666666,
    "Royal Flush": 0.026169666666666667
  }
}